Employee_Name,Employee_EmailID,Secret_Child_Name,Secret_Child_EmailID,child_id,employee_id,previous_year_child_id
Hamish Murray,hamish.murray@acme.com,Charlie Ross,charlie.ross.jr@acme.com,12,1,10
Layla Graham,layla.graham@acme.com,Benjamin Collins,benjamin.collins@acme.com,4,2,5
Matthew King,matthew.king@acme.com,Charlie Ross,charlie.ross@acme.com,6,3,12
Benjamin Collins,benjamin.collins@acme.com,Mark Lawrence,mark.lawrence@acme.com,15,4,1
Isabella Scott,isabella.scott@acme.com,Charlie Wright,charlie.wright@acme.com,10,5,15
Charlie Ross,charlie.ross@acme.com,Spencer Allen,spencer.allen@acme.com,9,6,11
Hamish Murray,hamish.murray.sr@acme.com,Ethan Murray,ethan.murray@acme.com,13,7,14
Piper Stewart,piper.stewart@acme.com,Hamish Murray,hamish.murray.sr@acme.com,7,8,2
Spencer Allen,spencer.allen@acme.com,Hamish Murray,hamish.murray@acme.com,1,9,3
Charlie Wright,charlie.wright@acme.com,Matthew King,matthew.king.jr@acme.com,14,10,9
Hamish Murray,hamish.murray.jr@acme.com,Isabella Scott,isabella.scott@acme.com,5,11,7
Charlie Ross,charlie.ross.jr@acme.com,Matthew King,matthew.king@acme.com,3,12,8
Ethan Murray,ethan.murray@acme.com,Layla Graham,layla.graham@acme.com,2,13,4
Matthew King,matthew.king.jr@acme.com,Hamish Murray,hamish.murray.jr@acme.com,11,14,13
Mark Lawrence,mark.lawrence@acme.com,Piper Stewart,piper.stewart@acme.com,8,15,6
